Dự án,Tòa,Phân khu,Mã căn,Tầng,Loại căn hộ,Hướng ban công,Diện tích thông thủy,Diện tích tim tường,Đơn giá thông thủy,Giá chưa VAT và KPBT,Giá gồm VAT và KPBT,Đơn giá gồm CSBH,CK TTTTD (7%),"Đơn giá gồm CSBH (ex VAT, KPBT, CK TTTTĐ)",Miễn 5 năm DV,Nội thất,CK BLNH (0.8%),Giá NET,Đơn giá NET,Tổng quà tặng
Vinhomes Smart City,SA2,Sakura,SA20211,02,Studio,South West - Tây Nam,31.5,34.8,"46,970,130","1,479,559,081","1,654,608,306","46,970,130","103,569,136","43,682,220","22,050,000","70,000,000","11,836,473","1,272,103,473","40,384,237","207,455,608"
Vinhomes Smart City,SA2,Sakura,SA20503,05,1PN,North East - Đông Bắc,34.1,37.5,"46,337,884","1,580,121,848","1,767,032,432","46,337,884","110,608,529","43,094,232","23,870,000","70,000,000","12,640,975","1,363,002,344","39,970,743","217,119,504"
Vinhomes Smart City,SA2,Sakura,SA20504,05,3PN,Đông Bắc- Đông Nam,81.7,90.5,"46,137,247","3,769,413,064","4,215,264,042","46,137,247","263,858,914","42,907,640","57,190,000","120,000,000","30,155,305","3,298,208,845","40,369,753","471,204,219"
Vinhomes Smart City,SA2,Sakura,SA20510,05,3PN,Tây Bắc- Tây Nam,77.6,87.7,"51,066,182","3,962,735,753","4,432,110,573","51,066,182","277,391,503","47,491,550","54,320,000","120,000,000","31,701,886","3,479,322,364","44,836,628","483,413,389"
Vinhomes Smart City,SA2,Sakura,SA20511,05,Studio,South West - Tây Nam,31.5,34.8,"48,423,590","1,525,343,075","1,705,886,379","48,423,590","106,774,015","45,033,938","22,050,000","70,000,000","12,202,745","1,314,316,315","41,724,327","211,026,760"
Vinhomes Smart City,SA2,Sakura,SA20603,06,1PN,North East - Đông Bắc,34.1,37.5,"46,957,947","1,601,266,002","1,790,713,885","46,957,947","112,088,620","43,670,891","23,870,000","70,000,000","12,810,128","1,382,497,254","40,542,441","218,768,748"
Vinhomes Smart City,SA2,Sakura,SA20604,06,3PN,Đông Bắc- Đông Nam,81.7,90.5,"46,970,008","3,837,449,626","4,291,464,992","46,970,008","268,621,474","43,682,107","57,190,000","120,000,000","30,699,597","3,360,938,555","41,137,559","476,511,071"
Vinhomes Smart City,SA2,Sakura,SA20605,06,3PN,Đông Nam- Tây Nam,74.9,81.7,"47,523,648","3,559,521,240","3,980,724,421","47,523,648","249,166,487","44,196,993","52,430,000","120,000,000","28,476,170","3,109,448,583","41,514,667","450,072,657"
Vinhomes Smart City,SA2,Sakura,SA20611,06,Studio,South West - Tây Nam,31.5,34.8,"49,046,504","1,544,964,860","1,727,862,779","49,046,503","108,147,540","45,613,248","22,050,000","70,000,000","12,359,719","1,332,407,601","42,298,654","212,557,259"
Vinhomes Smart City,SA2,Sakura,SA20616,06,1PN + 1,North East - Đông Bắc,42.8,46.5,"45,485,324","1,946,771,862","2,176,990,561","45,485,324","136,274,030","42,301,351","29,960,000","70,000,000","15,574,175","1,694,963,657","39,601,955","251,808,205"
Vinhomes Smart City,SA2,Sakura,SA20803,08,1PN,North East - Đông Bắc,34.1,37.5,"47,619,346","1,623,819,696","1,815,974,022","47,619,346","113,667,379","44,285,992","23,870,000","70,000,000","12,990,558","1,403,291,760","41,152,251","220,527,936"
Vinhomes Smart City,SA2,Sakura,SA20810,08,3PN,Tây Bắc- Tây Nam,77.6,87.7,"52,383,122","4,064,930,275","4,546,568,438","52,383,122","284,545,119","48,716,304","54,320,000","120,000,000","32,519,442","3,573,545,714","46,050,847","491,384,561"
Vinhomes Smart City,SA2,Sakura,SA20811,08,Studio,South West - Tây Nam,31.5,34.8,"49,710,945","1,565,894,774","1,751,304,282","49,710,945","109,612,634","46,231,179","22,050,000","70,000,000","12,527,158","1,351,704,982","42,911,269","214,189,792"
Vinhomes Smart City,SA2,Sakura,SA20816,08,1PN + 1,North East - Đông Bắc,42.8,46.5,"46,138,752","1,974,738,593","2,208,313,300","46,138,752","138,231,702","42,909,040","29,960,000","70,000,000","15,797,909","1,720,748,983","40,204,415","253,989,610"
Vinhomes Smart City,SA2,Sakura,SA20903,09,1PN,North East - Đông Bắc,34.1,37.5,"47,702,024","1,626,639,008","1,819,131,651","47,702,024","113,864,731","44,362,882","23,870,000","70,000,000","13,013,112","1,405,891,165","41,228,480","220,747,843"
Vinhomes Smart City,SA2,Sakura,SA21003,10,1PN,North East - Đông Bắc,34.1,37.5,"47,826,033","1,630,867,721","1,823,867,810","47,826,033","114,160,740","44,478,211","23,870,000","70,000,000","13,046,942","1,409,790,039","41,342,816","221,077,682"
Vinhomes Smart City,SA2,Sakura,SA21011,10,Studio,South West - Tây Nam,31.5,34.8,"49,918,581","1,572,435,286","1,758,629,655","49,918,581","110,070,470","46,424,280","22,050,000","70,000,000","12,579,482","1,357,735,334","43,102,709","214,699,952"
Vinhomes Smart City,SA2,Sakura,SA21012,10,1PN + 1,South West - Tây Nam,42.7,46.5,"49,598,357","2,117,849,843","2,368,605,829","49,598,357","148,249,489","46,126,472","29,890,000","70,000,000","16,942,799","1,852,767,555","43,390,341","265,082,288"
Vinhomes Smart City,SA2,Sakura,SA21016,10,1PN + 1,North East - Đông Bắc,42.8,46.5,"46,342,946","1,983,478,106","2,218,101,554","46,342,946","138,843,467","43,098,940","29,960,000","70,000,000","15,867,825","1,728,806,814","40,392,683","254,671,292"
Vinhomes Smart City,SA2,Sakura,SA21103,11,1PN,North East - Đông Bắc,34.3,37.5,"47,929,717","1,643,989,287","1,838,548,104","47,929,717","115,079,250","44,574,637","24,010,000","70,000,000","13,151,914","1,421,748,123","41,450,383","222,241,164"
Vinhomes Smart City,SA2,Sakura,SA21110,11,3PN,Tây Bắc- Tây Nam,78.3,87.7,"51,681,657","4,046,673,763","4,526,065,636","51,681,657","283,267,163","48,063,941","54,810,000","120,000,000","32,373,390","3,556,223,209","45,417,921","490,450,554"
Vinhomes Smart City,SA2,Sakura,SA21111,11,Studio,South West - Tây Nam,31.6,34.8,"49,312,140","1,558,263,625","1,742,749,466","49,312,140","109,078,454","45,860,290","22,120,000","70,000,000","12,466,109","1,344,599,062","42,550,603","213,664,563"
Vinhomes Smart City,SA2,Sakura,SA21116,11,1PN + 1,North East - Đông Bắc,42.8,46.3,"46,316,245","1,982,335,268","2,216,821,576","46,316,245","138,763,469","43,074,107","29,960,000","70,000,000","15,858,682","1,727,753,117","40,368,063","254,582,151"
Vinhomes Smart City,SA2,Sakura,SA21203,12,1PN,North East - Đông Bắc,34.3,37.5,"48,094,104","1,649,627,779","1,844,863,215","48,094,104","115,473,945","44,727,517","24,010,000","70,000,000","13,197,022","1,426,946,812","41,601,948","222,680,967"
Vinhomes Smart City,SA2,Sakura,SA21211,12,Studio,South West - Tây Nam,31.6,34.8,"49,477,723","1,563,496,041","1,748,609,771","49,477,723","109,444,723","46,014,282","22,120,000","70,000,000","12,507,968","1,349,423,350","42,703,271","214,072,691"
Vinhomes Smart City,SA2,Sakura,SA21216,12,1PN + 1,North East - Đông Bắc,42.8,46.3,"46,478,898","1,989,296,849","2,224,618,547","46,478,898","139,250,779","43,225,375","29,960,000","70,000,000","15,914,375","1,734,171,695","40,518,030","255,125,154"
Vinhomes Smart City,SA2,Sakura,SA21303,13,1PN,North East - Đông Bắc,34.3,37.5,"46,162,571","1,583,376,184","1,770,661,429","46,162,571","110,836,333","42,931,191","24,010,000","70,000,000","12,667,009","1,365,862,842","39,821,074","217,513,342"
Vinhomes Smart City,SA2,Sakura,SA21310,13,3PN,Tây Bắc- Tây Nam,78.3,87.7,"49,871,261","3,904,919,774","4,367,301,168","49,871,261","273,344,384","46,380,273","54,810,000","120,000,000","31,239,358","3,425,526,032","43,748,736","479,393,742"
Vinhomes Smart City,SA2,Sakura,SA21311,13,Studio,South West - Tây Nam,31.6,34.8,"47,532,108","1,502,014,602","1,679,750,560","47,532,108","105,141,022","44,204,860","22,120,000","70,000,000","12,016,117","1,292,737,463","40,909,413","209,277,139"
Vinhomes Smart City,SA2,Sakura,SA21405,14,3PN,Đông Nam- Tây Nam,75.5,81.7,"48,830,996","3,686,740,206","4,123,162,084","48,830,996","258,071,814","45,412,826","52,850,000","120,000,000","29,493,922","3,226,324,470","42,732,774","460,415,736"
Vinhomes Smart City,SA2,Sakura,SA21410,14,3PN,Tây Bắc- Tây Nam,78.3,87.7,"50,881,711","3,984,037,969","4,455,913,547","50,881,711","278,882,658","47,319,991","54,810,000","120,000,000","31,872,304","3,498,473,007","44,680,370","485,564,962"
Vinhomes Smart City,SA2,Sakura,SA21411,14,Studio,South West - Tây Nam,31.6,34.8,"48,525,613","1,533,409,362","1,714,912,690","48,525,613","107,338,655","45,128,820","22,120,000","70,000,000","12,267,275","1,321,683,432","41,825,425","211,725,930"
Vinhomes Smart City,SA2,Sakura,SA21503,15,1PN,North East - Đông Bắc,34.3,37.5,"48,587,259","1,666,542,978","1,863,808,238","48,587,259","116,658,008","45,186,151","24,010,000","70,000,000","13,332,344","1,442,542,626","42,056,636","224,000,352"
Vinhomes Smart City,SA2,Sakura,SA21504,15,3PN,Đông Bắc- Đông Nam,82.4,90.6,"49,986,218","4,118,864,352","4,606,593,977","49,986,218","288,320,505","46,487,183","57,680,000","120,000,000","32,950,915","3,619,912,933","43,930,982","498,951,419"
Vinhomes Smart City,SA2,Sakura,SA21505,15,3PN,Đông Nam- Tây Nam,75.5,81.7,"50,254,669","3,794,227,477","4,243,547,829","50,254,669","265,595,923","46,736,842","52,850,000","120,000,000","30,353,820","3,325,427,734","44,045,400","468,799,743"
Vinhomes Smart City,SA2,Sakura,SA21508,15,Studio,South West - Tây Nam,30.5,34,"48,469,366","1,478,315,654","1,653,294,965","48,469,366","103,482,096","45,076,510","21,350,000","70,000,000","11,826,525","1,271,657,033","41,693,673","206,658,621"
Vinhomes Smart City,SA2,Sakura,SA21511,15,Studio,South West - Tây Nam,31.6,34.8,"49,974,478","1,579,193,502","1,766,190,928","49,974,478","110,543,545","46,476,264","22,120,000","70,000,000","12,633,548","1,363,896,409","43,161,279","215,297,093"
Vinhomes Smart City,SA2,Sakura,SA21512,15,1PN + 1,South West - Tây Nam,42.9,46.5,"49,580,992","2,127,024,574","2,378,865,669","49,580,992","148,891,720","46,110,323","30,030,000","70,000,000","17,016,197","1,861,086,657","43,381,973","265,937,917"
Vinhomes Smart City,SA2,Sakura,SA21516,15,1PN + 1,North East - Đông Bắc,42.8,46.3,"46,966,863","2,010,181,757","2,248,009,643","46,966,863","140,712,723","43,679,183","29,960,000","70,000,000","16,081,454","1,753,427,580","40,967,934","256,754,177"
Vinhomes Smart City,SA2,Sakura,SA21518,15,2PN,North East - Đông Bắc,54.6,59.1,"45,497,750","2,484,177,167","2,777,948,795","45,497,750","173,892,402","42,312,908","38,220,000","120,000,000","19,873,417","2,132,191,348","39,051,124","351,985,819"
Vinhomes Smart City,SA2,Sakura,SA21519,15,2PN + 1 (2 Toilet),Đông Bắc- Đông Nam,63.3,69.2,"50,063,488","3,169,018,814","3,544,281,552","50,063,488","221,831,317","46,559,044","44,310,000","120,000,000","25,352,151","2,757,525,347","43,562,802","411,493,467"
Vinhomes Smart City,SA2,Sakura,SA21601,16,Studio,North East - Đông Bắc,27.9,30.6,"48,363,001","1,349,327,726","1,509,034,659","48,363,001","94,452,941","44,977,591","19,530,000","70,000,000","10,794,622","1,154,550,163","41,381,726","194,777,563"
Vinhomes Smart City,SA2,Sakura,SA21603,16,1PN,North East - Đông Bắc,34.3,37.5,"48,792,744","1,673,591,110","1,871,702,146","48,792,744","117,151,378","45,377,252","24,010,000","70,000,000","13,388,729","1,449,041,003","42,246,093","224,550,107"
Vinhomes Smart City,SA2,Sakura,SA21604,16,3PN,Đông Bắc- Đông Nam,82.4,90.6,"49,986,218","4,118,864,352","4,606,593,977","49,986,218","288,320,505","46,487,183","57,680,000","120,000,000","32,950,915","3,619,912,933","43,930,982","498,951,419"
Vinhomes Smart City,SA2,Sakura,SA21605,16,3PN,Đông Nam- Tây Nam,75.5,81.7,"50,458,052","3,809,582,959","4,260,745,968","50,458,052","266,670,807","46,925,989","52,850,000","120,000,000","30,476,664","3,339,585,488","44,232,920","469,997,471"
Vinhomes Smart City,SA2,Sakura,SA21610,16,3PN,Tây Bắc- Tây Nam,78.3,87.7,"52,144,779","4,082,936,214","4,566,679,581","52,144,779","285,805,535","48,494,645","54,810,000","120,000,000","32,663,490","3,589,657,189","45,844,919","493,279,025"
Vinhomes Smart City,SA2,Sakura,SA21611,16,Studio,South West - Tây Nam,31.6,34.8,"49,767,497","1,572,652,893","1,758,865,445","49,767,497","110,085,703","46,283,772","22,120,000","70,000,000","12,581,223","1,357,865,967","42,970,442","214,786,926"
Vinhomes Smart City,SA2,Sakura,SA21612,16,1PN + 1,South West - Tây Nam,42.9,46.5,"49,377,271","2,118,284,915","2,369,077,250","49,377,271","148,279,944","45,920,862","30,030,000","70,000,000","16,946,279","1,853,028,692","43,194,142","265,256,223"
Vinhomes Smart City,SA2,Sakura,SA21616,16,1PN + 1,North East - Đông Bắc,42.8,46.3,"47,170,179","2,018,883,679","2,257,755,797","47,170,179","141,321,858","43,868,267","29,960,000","70,000,000","16,151,069","1,761,450,752","41,155,391","257,432,927"
Vinhomes Smart City,SA2,Sakura,SA21617,16,2PN,North East - Đông Bắc,54.6,59.1,"45,823,248","2,501,949,352","2,797,853,642","45,823,248","175,136,455","42,615,621","38,220,000","120,000,000","20,015,595","2,148,577,303","39,351,233","353,372,049"
Vinhomes Smart City,SA2,Sakura,SA21618,16,2PN,North East - Đông Bắc,54.6,59.1,"45,701,186","2,495,284,782","2,790,389,323","45,701,186","174,669,935","42,502,103","38,220,000","120,000,000","19,962,278","2,142,432,569","39,238,692","352,852,213"
Vinhomes Smart City,SA2,Sakura,SA21619,16,2PN + 1 (2 Toilet),Đông Bắc- Đông Nam,63.3,69.2,"50,268,950","3,182,024,523","3,558,847,947","50,268,950","222,741,717","46,750,123","44,310,000","120,000,000","25,456,196","2,769,516,610","43,752,237","412,507,913"
Vinhomes Smart City,SA2,Sakura,SA21701,17,Studio,North East - Đông Bắc,27.9,30.6,"48,239,322","1,345,877,096","1,505,169,953","48,239,322","94,211,397","44,862,570","19,530,000","70,000,000","10,767,017","1,151,368,683","41,267,695","194,508,413"
Vinhomes Smart City,SA2,Sakura,SA21702,17,2PN,North East - Đông Bắc,54.6,59.1,"45,904,625","2,506,392,541","2,802,830,013","45,904,625","175,447,478","42,691,302","38,220,000","120,000,000","20,051,140","2,152,673,923","39,426,262","353,718,618"
Vinhomes Smart City,SA2,Sakura,SA21703,17,1PN,North East - Đông Bắc,34.3,37.5,"48,669,452","1,669,362,200","1,866,965,767","48,669,452","116,855,354","45,262,590","24,010,000","70,000,000","13,354,898","1,445,141,948","42,132,418","224,220,252"
Vinhomes Smart City,SA2,Sakura,SA21704,17,3PN,Đông Bắc- Đông Nam,82.4,90.6,"49,862,227","4,108,647,476","4,595,151,075","49,862,227","287,605,323","46,371,871","57,680,000","120,000,000","32,869,180","3,610,492,973","43,816,662","498,154,503"
Vinhomes Smart City,SA2,Sakura,SA21705,17,3PN,Đông Nam- Tây Nam,75.5,81.7,"50,336,022","3,800,369,653","4,250,427,065","50,336,022","266,025,876","46,812,500","52,850,000","120,000,000","30,402,957","3,331,090,820","44,120,408","469,278,833"
Vinhomes Smart City,SA2,Sakura,SA21708,17,Studio,South West - Tây Nam,30.5,34,"48,972,205","1,493,652,252","1,670,471,955","48,972,205","104,555,658","45,544,151","21,350,000","70,000,000","11,949,218","1,285,797,376","42,157,291","207,854,876"
Vinhomes Smart City,SA2,Sakura,SA21710,17,3PN,Tây Bắc- Tây Nam,78.3,87.7,"52,018,473","4,073,046,454","4,555,603,050","52,018,473","285,113,252","48,377,180","54,810,000","120,000,000","32,584,372","3,580,538,831","45,728,465","492,507,623"
Vinhomes Smart City,SA2,Sakura,SA21711,17,Studio,South West - Tây Nam,31.6,34.8,"49,643,311","1,568,728,627","1,754,470,268","49,643,311","109,811,004","46,168,279","22,120,000","70,000,000","12,549,829","1,354,247,794","42,855,943","214,480,833"
Vinhomes Smart City,SA2,Sakura,SA21712,17,1PN + 1,South West - Tây Nam,42.9,46.5,"49,255,041","2,113,041,246","2,363,204,342","49,255,041","147,912,887","45,807,188","30,030,000","70,000,000","16,904,330","1,848,194,029","43,081,446","264,847,217"
Vinhomes Smart City,SA2,Sakura,SA21716,17,1PN + 1,North East - Đông Bắc,42.8,46.3,"47,048,188","2,013,662,443","2,251,908,011","47,048,188","140,956,371","43,754,815","29,960,000","70,000,000","16,109,300","1,756,636,772","41,042,915","257,025,671"
Vinhomes Smart City,SA2,Sakura,SA21718,17,2PN,North East - Đông Bắc,54.6,59.1,"45,579,122","2,488,620,080","2,782,924,857","45,579,122","174,203,406","42,388,584","38,220,000","120,000,000","19,908,961","2,136,287,714","39,126,149","352,332,366"
Vinhomes Smart City,SA2,Sakura,SA21719,17,2PN + 1 (2 Toilet),Đông Bắc- Đông Nam,63.3,69.2,"50,145,671","3,174,220,960","3,550,107,957","50,145,671","222,195,467","46,635,474","44,310,000","120,000,000","25,393,768","2,762,321,725","43,638,574","411,899,235"
Vinhomes Smart City,SA2,Sakura,SA21801,18,Studio,North East - Đông Bắc,27.9,30.6,"48,692,818","1,358,529,609","1,519,340,768","48,692,818","95,097,073","45,284,320","19,530,000","70,000,000","10,868,237","1,163,034,299","41,685,817","195,495,310"
Vinhomes Smart City,SA2,Sakura,SA21802,18,2PN,North East - Đông Bắc,54.6,59.1,"46,352,191","2,530,829,615","2,830,199,536","46,352,191","177,158,073","43,107,537","38,220,000","120,000,000","20,246,637","2,175,204,905","39,838,918","355,624,710"
Vinhomes Smart City,SA2,Sakura,SA21803,18,1PN,North East - Đông Bắc,34.3,37.5,"49,121,516","1,684,868,011","1,884,332,275","49,121,516","117,940,761","45,683,010","24,010,000","70,000,000","13,478,944","1,459,438,306","42,549,222","225,429,705"
Vinhomes Smart City,SA2,Sakura,SA21805,18,3PN,Đông Nam- Tây Nam,75.5,81.7,"50,783,462","3,834,151,388","4,288,262,608","50,783,462","268,390,597","47,228,620","52,850,000","120,000,000","30,673,211","3,362,237,580","44,532,948","471,913,808"
Vinhomes Smart City,SA2,Sakura,SA21810,18,3PN,Tây Bắc- Tây Nam,78.3,87.7,"52,481,597","4,109,309,061","4,596,217,170","52,481,597","287,651,634","48,807,885","54,810,000","120,000,000","32,874,472","3,613,972,954","46,155,466","495,336,107"
Vinhomes Smart City,SA2,Sakura,SA21811,18,Studio,South West - Tây Nam,31.6,34.8,"50,098,664","1,583,117,776","1,770,586,114","50,098,664","110,818,244","46,591,757","22,120,000","70,000,000","12,664,942","1,367,514,589","43,275,778","215,603,187"
Vinhomes Smart City,SA2,Sakura,SA21812,18,1PN + 1,South West - Tây Nam,42.9,46.5,"49,703,225","2,132,268,331","2,384,738,677","49,703,224","149,258,783","46,223,999","30,030,000","70,000,000","17,058,147","1,865,921,401","43,494,671","266,346,930"
Vinhomes Smart City,SA2,Sakura,SA21816,18,1PN + 1,North East - Đông Bắc,42.8,46.3,"47,495,488","2,032,806,896","2,273,349,800","47,495,488","142,296,483","44,170,804","29,960,000","70,000,000","16,262,455","1,774,287,958","41,455,326","258,518,938"
Vinhomes Smart City,SA2,Sakura,SA21817,18,2PN,North East - Đông Bắc,54.6,59.1,"46,148,748","2,519,721,628","2,817,758,591","46,148,748","176,380,514","42,918,335","38,220,000","120,000,000","20,157,773","2,164,963,341","39,651,343","354,758,287"
Vinhomes Smart City,SA2,Sakura,SA21819,18,2PN + 1 (2 Toilet),Đông Bắc- Đông Nam,63.3,69.2,"50,597,695","3,202,834,118","3,582,154,693","50,597,695","224,198,388","47,055,857","44,310,000","120,000,000","25,622,673","2,788,703,057","44,055,341","414,131,061"
Vinhomes Smart City,SA2,Sakura,SA21901,19,Studio,North East - Đông Bắc,27.9,30.6,"48,486,686","1,352,778,531","1,512,899,560","48,486,686","94,694,497","45,092,618","19,530,000","70,000,000","10,822,228","1,157,731,806","41,495,764","195,046,725"
Vinhomes Smart City,SA2,Sakura,SA21903,19,1PN,North East - Đông Bắc,34.3,37.5,"48,916,030","1,677,819,812","1,876,438,292","48,916,030","117,447,387","45,491,907","24,010,000","70,000,000","13,422,558","1,452,939,867","42,359,763","224,879,945"
Vinhomes Smart City,SA2,Sakura,SA21904,19,3PN,Đông Bắc- Đông Nam,82.4,90.6,"50,110,210","4,129,081,294","4,618,036,951","50,110,210","289,035,691","46,602,495","57,680,000","120,000,000","33,032,650","3,629,332,953","44,045,303","499,748,341"
Vinhomes Smart City,SA2,Sakura,SA21905,19,3PN,Đông Nam- Tây Nam,75.5,81.7,"50,580,078","3,818,795,880","4,271,064,439","50,580,078","267,315,712","47,039,472","52,850,000","120,000,000","30,550,367","3,348,079,801","44,345,428","470,716,079"
Vinhomes Smart City,SA2,Sakura,SA21910,19,3PN,Tây Bắc- Tây Nam,78.3,87.7,"52,271,085","4,092,825,985","4,577,756,124","52,271,085","286,497,819","48,612,109","54,810,000","120,000,000","32,742,608","3,598,775,558","45,961,374","494,050,427"
Vinhomes Smart City,SA2,Sakura,SA21911,19,Studio,South West - Tây Nam,31.6,34.8,"49,891,685","1,576,577,236","1,763,260,709","49,891,685","110,360,407","46,399,267","22,120,000","70,000,000","12,612,618","1,361,484,212","43,084,943","215,093,024"
Vinhomes Smart City,SA2,Sakura,SA21912,19,1PN + 1,South West - Tây Nam,42.9,46.5,"49,499,502","2,123,528,622","2,374,950,202","49,499,502","148,647,004","46,034,537","30,030,000","70,000,000","16,988,229","1,857,863,389","43,306,839","265,665,233"
Vinhomes Smart City,SA2,Sakura,SA21916,19,1PN + 1,North East - Đông Bắc,42.8,46.3,"47,292,169","2,024,104,829","2,263,603,484","47,292,169","141,687,338","43,981,717","29,960,000","70,000,000","16,192,839","1,766,264,652","41,267,866","257,840,177"
Vinhomes Smart City,SA2,Sakura,SA21917,19,2PN,North East - Đông Bắc,54.6,59.1,"45,945,311","2,508,613,961","2,805,318,003","45,945,311","175,602,977","42,729,139","38,220,000","120,000,000","20,068,912","2,154,722,072","39,463,774","353,891,889"
Vinhomes Smart City,SA2,Sakura,SA21918,19,2PN,North East - Đông Bắc,54.6,59.1,"45,823,248","2,501,949,352","2,797,853,642","45,823,248","175,136,455","42,615,621","38,220,000","120,000,000","20,015,595","2,148,577,303","39,351,233","353,372,049"
Vinhomes Smart City,SA2,Sakura,SA21919,19,2PN + 1 (2 Toilet),Đông Bắc- Đông Nam,63.3,69.2,"50,392,232","3,189,828,289","3,567,588,165","50,392,232","223,287,980","46,864,776","44,310,000","120,000,000","25,518,626","2,776,711,682","43,865,903","413,116,607"
Vinhomes Smart City,SA2,Sakura,SA22011,20,Studio,South West - Tây Nam,31.6,34.8,"49,726,098","1,571,344,708","1,757,400,279","49,726,098","109,994,130","46,245,271","22,120,000","70,000,000","12,570,758","1,356,659,821","42,932,273","214,684,887"
Vinhomes Smart City,SA2,Sakura,SA22101,21,Studio,North East - Đông Bắc,27.9,30.6,"48,198,093","1,344,726,800","1,503,881,622","48,198,093","94,130,876","44,824,227","19,530,000","70,000,000","10,757,814","1,150,308,110","41,229,681","194,418,690"
Vinhomes Smart City,SA2,Sakura,SA22102,21,2PN,North East - Đông Bắc,54.6,59.1,"45,863,935","2,504,170,873","2,800,341,745","45,863,935","175,291,961","42,653,460","38,220,000","120,000,000","20,033,367","2,150,625,545","39,388,746","353,545,328"
Vinhomes Smart City,SA2,Sakura,SA22103,21,1PN,North East - Đông Bắc,34.3,37.5,"48,628,358","1,667,952,670","1,865,387,093","48,628,358","116,756,687","45,224,373","24,010,000","70,000,000","13,343,621","1,443,842,362","42,094,529","224,110,308"
Vinhomes Smart City,SA2,Sakura,SA22104,21,3PN,Đông Bắc- Đông Nam,82.4,90.6,"49,614,246","4,088,213,898","4,572,265,468","49,614,246","286,174,973","46,141,249","57,680,000","120,000,000","32,705,711","3,591,653,214","43,588,024","496,560,684"
Vinhomes Smart City,SA2,Sakura,SA22108,21,Studio,South West - Tây Nam,30.5,34,"48,930,300","1,492,374,145","1,669,040,475","48,930,300","104,466,190","45,505,179","21,350,000","70,000,000","11,938,993","1,284,618,962","42,118,654","207,755,183"
Vinhomes Smart City,SA2,Sakura,SA22110,21,3PN,Tây Bắc- Tây Nam,78.3,87.7,"51,344,835","4,020,300,555","4,496,527,643","51,344,835","281,421,039","47,750,696","54,810,000","120,000,000","32,162,404","3,531,907,112","45,107,371","488,393,443"
Vinhomes Smart City,SA2,Sakura,SA22111,21,Studio,South West - Tây Nam,31.6,34.8,"48,980,971","1,547,798,670","1,731,028,716","48,980,971","108,345,907","45,552,303","22,120,000","70,000,000","12,382,389","1,334,950,374","42,245,265","212,848,296"
Vinhomes Smart City,SA2,Sakura,SA22112,21,1PN + 1,South West - Tây Nam,42.9,46.5,"48,603,135","2,085,074,480","2,331,881,563","48,603,135","145,955,214","45,200,915","30,030,000","70,000,000","16,680,596","1,822,408,671","42,480,389","262,665,809"
Vinhomes Smart City,SA2,Sakura,SA22114,21,3PN,Tây Bắc- Tây Nam,79.2,87.7,"49,745,501","3,939,843,642","4,406,344,532","49,745,501","275,789,055","46,263,315","55,440,000","120,000,000","31,518,749","3,457,095,838","43,650,200","482,747,804"
Vinhomes Smart City,SA2,Sakura,SA22115,21,2PN + 1 (2 Toilet),Đông Bắc- Tây Bắc,63.4,69.3,"49,563,856","3,142,348,451","3,514,402,816","49,563,856","219,964,392","46,094,386","44,380,000","120,000,000","25,138,788","2,732,865,272","43,105,130","409,483,179"
Vinhomes Smart City,SA2,Sakura,SA22116,21,1PN + 1,North East - Đông Bắc,42.8,46.3,"47,007,523","2,011,921,965","2,249,958,676","47,007,523","140,834,538","43,716,996","29,960,000","70,000,000","16,095,376","1,755,032,052","41,005,422","256,889,913"
Vinhomes Smart City,SA2,Sakura,SA22117,21,2PN,North East - Đông Bắc,54.6,59.1,"45,660,499","2,493,063,272","2,787,901,232","45,660,499","174,514,429","42,464,265","38,220,000","120,000,000","19,944,506","2,140,384,337","39,201,178","352,678,935"
Vinhomes Smart City,SA2,Sakura,SA22118,21,2PN,North East - Đông Bắc,54.6,59.1,"45,538,436","2,486,398,595","2,780,436,793","45,538,436","174,047,902","42,350,745","38,220,000","120,000,000","19,891,189","2,134,239,505","39,088,636","352,159,090"
Vinhomes Smart City,SA2,Sakura,SA22119,21,2PN + 1 (2 Toilet),Đông Bắc- Đông Nam,63.3,69.2,"50,104,580","3,171,619,910","3,547,194,780","50,104,580","222,013,394","46,597,259","44,310,000","120,000,000","25,372,959","2,759,923,557","43,600,688","411,696,353"
Vinhomes Smart City,SA2,Sakura,SA22201,22,Studio,North East - Đông Bắc,27.9,30.6,"48,074,412","1,341,276,094","1,500,016,831","48,074,412","93,889,327","44,709,203","19,530,000","70,000,000","10,730,209","1,147,126,559","41,115,647","194,149,535"
Vinhomes Smart City,SA2,Sakura,SA22203,22,1PN,North East - Đông Bắc,34.3,37.5,"48,505,067","1,663,723,804","1,860,650,763","48,505,067","116,460,666","45,109,712","24,010,000","70,000,000","13,309,790","1,439,943,347","41,980,856","223,780,457"
Vinhomes Smart City,SA2,Sakura,SA22204,22,3PN,Đông Bắc- Đông Nam,82.4,90.6,"49,490,256","4,077,997,108","4,560,822,664","49,490,256","285,459,798","46,025,938","57,680,000","120,000,000","32,623,977","3,582,233,334","43,473,706","495,763,774"
Vinhomes Smart City,SA2,Sakura,SA22205,22,3PN,Đông Nam- Tây Nam,75.5,81.7,"50,173,315","3,788,085,269","4,236,668,556","50,173,315","265,165,969","46,661,183","52,850,000","120,000,000","30,304,682","3,319,764,618","43,970,392","468,320,651"
Vinhomes Smart City,SA2,Sakura,SA22208,22,Studio,South West - Tây Nam,30.5,34,"48,804,592","1,488,540,058","1,664,746,298","48,804,592","104,197,804","45,388,271","21,350,000","70,000,000","11,908,320","1,281,083,933","42,002,752","207,456,125"
Vinhomes Smart City,SA2,Sakura,SA22210,22,3PN,Tây Bắc- Tây Nam,78.3,87.7,"51,218,530","4,010,410,927","4,485,451,259","51,218,530","280,728,765","47,633,233","54,810,000","120,000,000","32,083,287","3,522,788,875","44,990,918","487,622,052"
Vinhomes Smart City,SA2,Sakura,SA22211,22,Studio,South West - Tây Nam,31.6,34.8,"48,856,782","1,543,874,296","1,726,633,416","48,856,782","108,071,201","45,436,807","22,120,000","70,000,000","12,350,994","1,331,332,101","42,130,763","212,542,195"
Vinhomes Smart City,SA2,Sakura,SA22212,22,1PN + 1,South West - Tây Nam,42.9,46.5,"48,480,902","2,079,830,708","2,326,008,538","48,480,902","145,588,150","45,087,239","30,030,000","70,000,000","16,638,646","1,817,573,913","42,367,690","262,256,795"
Vinhomes Smart City,SA2,Sakura,SA22214,22,3PN,Tây Bắc- Tây Nam,79.2,87.7,"49,620,629","3,929,953,778","4,395,267,885","49,620,629","275,096,764","46,147,185","55,440,000","120,000,000","31,439,630","3,447,977,383","43,535,068","481,976,395"
Vinhomes Smart City,SA2,Sakura,SA22215,22,2PN + 1 (2 Toilet),Đông Bắc- Tây Bắc,63.4,69.3,"49,440,591","3,134,533,494","3,505,650,064","49,440,591","219,417,345","45,979,750","44,380,000","120,000,000","25,076,268","2,725,659,881","42,991,481","408,873,613"
Vinhomes Smart City,SA2,Sakura,SA22216,22,1PN + 1,North East - Đông Bắc,42.8,46.3,"46,885,534","2,006,700,863","2,244,111,042","46,885,534","140,469,060","43,603,547","29,960,000","70,000,000","16,053,607","1,750,218,196","40,892,948","256,482,667"
Vinhomes Smart City,SA2,Sakura,SA22217,22,2PN,North East - Đông Bắc,54.6,59.1,"45,538,436","2,486,398,595","2,780,436,793","45,538,436","174,047,902","42,350,745","38,220,000","120,000,000","19,891,189","2,134,239,505","39,088,636","352,159,090"
Vinhomes Smart City,SA2,Sakura,SA22218,22,2PN,North East - Đông Bắc,54.6,59.1,"45,416,374","2,479,734,045","2,772,972,498","45,416,374","173,581,383","42,237,228","38,220,000","120,000,000","19,837,872","2,128,094,789","38,976,095","351,639,256"
Vinhomes Smart City,SA2,Sakura,SA22219,22,2PN + 1 (2 Toilet),Đông Bắc- Đông Nam,63.3,69.2,"49,981,300","3,163,816,281","3,538,454,715","49,981,300","221,467,140","46,482,609","44,310,000","120,000,000","25,310,530","2,752,728,611","43,487,024","411,087,670"
Vinhomes Smart City,SA2,Sakura,SA22301,23,Studio,North East - Đông Bắc,27.9,30.6,"47,950,729","1,337,825,328","1,496,151,973","47,950,729","93,647,773","44,594,178","19,530,000","70,000,000","10,702,603","1,143,944,952","41,001,611","193,880,376"
Vinhomes Smart City,SA2,Sakura,SA22303,23,1PN,North East - Đông Bắc,34.3,37.5,"48,381,780","1,659,495,064","1,855,914,575","48,381,780","116,164,654","44,995,056","24,010,000","70,000,000","13,275,961","1,436,044,449","41,867,185","223,450,615"
Vinhomes Smart City,SA2,Sakura,SA22304,23,3PN,Đông Bắc- Đông Nam,82.4,90.6,"49,366,265","4,067,780,211","4,549,379,738","49,366,265","284,744,615","45,910,626","57,680,000","120,000,000","32,542,242","3,572,813,355","43,359,385","494,966,856"
Vinhomes Smart City,SA2,Sakura,SA22305,23,3PN,Đông Nam- Tây Nam,75.5,81.7,"50,051,289","3,778,872,329","4,226,350,062","50,051,289","264,521,063","46,547,699","52,850,000","120,000,000","30,230,979","3,311,270,287","43,857,885","467,602,042"
Vinhomes Smart City,SA2,Sakura,SA22308,23,Studio,South West - Tây Nam,30.5,34,"48,678,881","1,484,705,870","1,660,452,006","48,678,881","103,929,411","45,271,359","21,350,000","70,000,000","11,877,647","1,277,548,812","41,886,846","207,157,058"
Vinhomes Smart City,SA2,Sakura,SA22310,23,3PN,Tây Bắc- Tây Nam,78.3,87.7,"51,092,223","4,000,521,042","4,474,374,589","51,092,223","280,036,473","47,515,767","54,810,000","120,000,000","32,004,168","3,513,670,401","44,874,462","486,850,641"
Vinhomes Smart City,SA2,Sakura,SA22311,23,Studio,South West - Tây Nam,31.6,34.8,"48,732,596","1,539,950,039","1,722,238,249","48,732,596","107,796,503","45,321,314","22,120,000","70,000,000","12,319,600","1,327,713,936","42,016,264","212,236,103"
Vinhomes Smart City,SA2,Sakura,SA22312,23,1PN + 1,South West - Tây Nam,42.9,46.5,"48,358,674","2,074,587,135","2,320,135,737","48,358,674","145,221,099","44,973,567","30,030,000","70,000,000","16,596,697","1,812,739,338","42,254,996","261,847,797"
Vinhomes Smart City,SA2,Sakura,SA22314,23,3PN,Tây Bắc- Tây Nam,79.2,87.7,"49,495,757","3,920,063,987","4,384,191,319","49,495,757","274,404,479","46,031,054","55,440,000","120,000,000","31,360,512","3,438,858,996","43,419,937","481,204,991"
Vinhomes Smart City,SA2,Sakura,SA22315,23,2PN + 1 (2 Toilet),Đông Bắc- Tây Bắc,63.4,69.3,"49,317,336","3,126,719,074","3,496,897,914","49,317,336","218,870,335","45,865,122","44,380,000","120,000,000","25,013,753","2,718,454,986","42,877,839","408,264,088"
Vinhomes Smart City,SA2,Sakura,SA22316,23,1PN + 1,North East - Đông Bắc,42.8,46.3,"46,763,546","2,001,479,749","2,238,263,394","46,763,546","140,103,582","43,490,097","29,960,000","70,000,000","16,011,838","1,745,404,329","40,780,475","256,075,420"
Vinhomes Smart City,SA2,Sakura,SA22317,23,2PN,North East - Đông Bắc,54.6,59.1,"45,416,374","2,479,734,045","2,772,972,498","45,416,374","173,581,383","42,237,228","38,220,000","120,000,000","19,837,872","2,128,094,789","38,976,095","351,639,256"
Vinhomes Smart City,SA2,Sakura,SA22318,23,2PN,North East - Đông Bắc,54.6,59.1,"45,294,309","2,473,069,298","2,765,507,981","45,294,309","173,114,851","42,123,708","38,220,000","120,000,000","19,784,554","2,121,949,893","38,863,551","351,119,405"
Vinhomes Smart City,SA2,Sakura,SA22319,23,2PN + 1 (2 Toilet),Đông Bắc- Đông Nam,63.3,69.2,"49,858,019","3,156,012,626","3,529,714,621","49,858,019","220,920,884","46,367,958","44,310,000","120,000,000","25,248,101","2,745,533,641","43,373,359","410,478,985"
Vinhomes Smart City,SA2,Sakura,SA22403,24,1PN,North East - Đông Bắc,34.3,37.5,"48,011,912","1,646,808,587","1,841,705,720","48,011,912","115,276,601","44,651,078","24,010,000","70,000,000","13,174,469","1,424,347,517","41,526,167","222,461,070"
Vinhomes Smart City,SA2,Sakura,SA22405,24,3PN,Đông Nam- Tây Nam,75.5,81.7,"49,685,202","3,751,232,772","4,195,393,758","49,685,202","262,586,294","46,207,238","52,850,000","120,000,000","30,009,862","3,285,786,616","43,520,353","465,446,156"
Vinhomes Smart City,SA2,Sakura,SA22410,24,3PN,Tây Bắc- Tây Nam,78.3,87.7,"50,713,304","3,970,851,723","4,441,144,951","50,713,304","277,959,621","47,163,373","54,810,000","120,000,000","31,766,814","3,486,315,289","44,525,099","484,536,434"
Vinhomes Smart City,SA2,Sakura,SA22418,24,2PN,North East - Đông Bắc,54.6,59.1,"44,928,127","2,453,075,754","2,743,115,212","44,928,127","171,715,303","41,783,158","38,220,000","120,000,000","19,624,606","2,103,515,845","38,525,931","349,559,909"
Vinhomes Smart City,SA2,Sakura,SA22504,25,3PN,Đông Bắc- Đông Nam,82.4,90.6,"49,035,623","4,040,535,324","4,518,865,465","49,035,623","282,837,473","45,603,129","57,680,000","120,000,000","32,324,283","3,547,693,569","43,054,534","492,841,755"
Vinhomes Smart City,SA2,Sakura,SA22505,25,3PN,Đông Nam- Tây Nam,75.5,81.7,"49,725,878","3,754,303,812","4,198,833,324","49,725,878","262,801,267","46,245,067","52,850,000","120,000,000","30,034,430","3,288,618,115","43,557,856","465,685,697"
Vinhomes Smart City,SA2,Sakura,SA22508,25,Studio,South West - Tây Nam,30.5,34,"48,343,658","1,474,481,569","1,649,000,789","48,343,658","103,213,710","44,959,602","21,350,000","70,000,000","11,795,853","1,268,122,007","41,577,771","206,359,562"
Vinhomes Smart City,SA2,Sakura,SA22510,25,3PN,Tây Bắc- Tây Nam,78.3,87.7,"50,755,407","3,974,148,379","4,444,837,206","50,755,407","278,190,387","47,202,529","54,810,000","120,000,000","31,793,187","3,489,354,805","44,563,918","484,793,574"
Vinhomes Smart City,SA2,Sakura,SA22512,25,1PN + 1,South West - Tây Nam,42.9,46.5,"48,032,722","2,060,603,769","2,304,474,367","48,032,722","144,242,264","44,670,431","30,030,000","70,000,000","16,484,830","1,799,846,675","41,954,468","260,757,094"
Vinhomes Smart City,SA2,Sakura,SA22516,25,1PN + 1,North East - Đông Bắc,42.8,46.3,"46,438,236","1,987,556,480","2,222,669,333","46,438,236","139,128,954","43,187,559","29,960,000","70,000,000","15,900,452","1,732,567,075","40,480,539","254,989,405"
Vinhomes Smart City,SA2,Sakura,SA22518,25,2PN,North East - Đông Bắc,54.6,59.1,"44,968,811","2,455,297,069","2,745,603,085","44,968,811","171,870,795","41,820,994","38,220,000","120,000,000","19,642,377","2,105,563,898","38,563,441","349,733,171"
Vinhomes Smart City,SA2,Sakura,SA22601,26,Studio,North East - Đông Bắc,27.9,30.6,"47,785,823","1,333,224,464","1,490,999,005","47,785,823","93,325,712","44,440,815","19,530,000","70,000,000","10,665,796","1,139,702,956","40,849,568","193,521,508"
Vinhomes Smart City,SA2,Sakura,SA22603,26,1PN,North East - Đông Bắc,34.3,37.5,"48,217,391","1,653,856,499","1,849,599,381","48,217,391","115,769,955","44,842,173","24,010,000","70,000,000","13,230,852","1,430,845,692","41,715,618","223,010,807"
Vinhomes Smart City,SA2,Sakura,SA22610,26,3PN,Tây Bắc- Tây Nam,78.3,87.7,"50,923,814","3,987,334,599","4,459,605,772","50,923,814","279,113,422","47,359,147","54,810,000","120,000,000","31,898,677","3,501,512,500","44,719,189","485,822,099"
Vinhomes Smart City,SA2,Sakura,SA22611,26,Studio,South West - Tây Nam,31.6,34.8,"48,567,011","1,534,717,552","1,716,377,864","48,567,011","107,430,229","45,167,320","22,120,000","70,000,000","12,277,740","1,322,889,583","41,863,594","211,827,969"
Vinhomes Smart City,SA2,Sakura,SA22618,26,2PN,North East - Đông Bắc,54.6,59.1,"45,131,561","2,464,183,258","2,755,555,616","45,131,562","172,492,828","41,972,352","38,220,000","120,000,000","19,713,466","2,113,756,964","38,713,498","350,426,294"
Vinhomes Smart City,SA2,Sakura,SA22701,27,Studio,North East - Đông Bắc,27.9,30.6,"47,456,008","1,324,022,612","1,480,692,931","47,456,008","92,681,583","44,134,087","19,530,000","70,000,000","10,592,181","1,131,218,848","40,545,478","192,803,764"
Vinhomes Smart City,SA2,Sakura,SA22702,27,2PN,North East - Đông Bắc,54.6,59.1,"45,131,561","2,464,183,258","2,755,555,616","45,131,562","172,492,828","41,972,352","38,220,000","120,000,000","19,713,466","2,113,756,964","38,713,498","350,426,294"
Vinhomes Smart City,SA2,Sakura,SA22703,27,1PN,North East - Đông Bắc,34.3,37.5,"47,888,618","1,642,579,586","1,836,969,239","47,888,618","114,980,571","44,536,414","24,010,000","70,000,000","13,140,637","1,420,448,378","41,412,489","222,131,208"
Vinhomes Smart City,SA2,Sakura,SA22704,27,3PN,Đông Bắc- Đông Nam,82.4,90.6,"48,663,651","4,009,884,883","4,484,536,971","48,663,651","280,691,942","45,257,196","57,680,000","120,000,000","32,079,079","3,519,433,862","42,711,576","490,451,021"
Vinhomes Smart City,SA2,Sakura,SA22705,27,3PN,Đông Nam- Tây Nam,75.5,81.7,"49,359,792","3,726,664,284","4,167,877,052","49,359,792","260,866,500","45,904,606","52,850,000","120,000,000","29,813,314","3,263,134,470","43,220,324","463,529,814"
Vinhomes Smart City,SA2,Sakura,SA22711,27,Studio,South West - Tây Nam,31.6,34.8,"48,235,840","1,524,252,556","1,704,657,068","48,235,840","106,697,679","44,859,332","22,120,000","70,000,000","12,194,020","1,313,240,857","41,558,255","211,011,699"
Vinhomes Smart City,SA2,Sakura,SA22712,27,1PN + 1,South West - Tây Nam,42.9,46.5,"47,869,748","2,053,612,204","2,296,643,814","47,869,748","143,752,854","44,518,866","30,030,000","70,000,000","16,428,898","1,793,400,452","41,804,206","260,211,752"
Vinhomes Smart City,SA2,Sakura,SA22716,27,1PN + 1,North East - Đông Bắc,42.8,46.3,"46,275,582","1,980,594,925","2,214,872,391","46,275,582","138,641,645","43,036,292","29,960,000","70,000,000","15,844,759","1,726,148,521","40,330,573","254,446,404"
Vinhomes Smart City,SA2,Sakura,SA22801,28,Studio,North East - Đông Bắc,27.9,30.6,"47,373,548","1,321,721,984","1,478,116,228","47,373,548","92,520,539","44,057,399","19,530,000","70,000,000","10,573,776","1,129,097,669","40,469,451","192,624,315"
Vinhomes Smart City,SA2,Sakura,SA22804,28,3PN,Đông Bắc- Đông Nam,82.4,90.6,"48,580,987","4,003,073,366","4,476,908,073","48,580,987","280,215,136","45,180,318","57,680,000","120,000,000","32,024,587","3,513,153,643","42,635,360","489,919,723"
Vinhomes Smart City,SA2,Sakura,SA22805,28,3PN,Đông Nam- Tây Nam,75.5,81.7,"49,278,438","3,720,522,074","4,160,997,776","49,278,438","260,436,545","45,828,947","52,850,000","120,000,000","29,764,177","3,257,471,352","43,145,316","463,050,722"
Vinhomes Smart City,SA2,Sakura,SA22808,28,Studio,South West - Tây Nam,30.5,34,"47,463,691","1,447,642,587","1,618,941,130","47,463,691","101,334,981","44,141,233","21,350,000","70,000,000","11,581,141","1,243,376,465","40,766,441","204,266,122"
Vinhomes Smart City,SA2,Sakura,SA22810,28,3PN,Tây Bắc- Tây Nam,78.3,87.7,"50,502,794","3,954,368,777","4,422,684,052","50,502,794","276,805,814","46,967,599","54,810,000","120,000,000","31,634,950","3,471,118,012","44,331,009","483,250,765"
Vinhomes Smart City,SA2,Sakura,SA22811,28,Studio,South West - Tây Nam,31.6,34.8,"48,153,050","1,521,636,391","1,701,726,964","48,153,050","106,514,547","44,782,337","22,120,000","70,000,000","12,173,091","1,310,828,753","41,481,923","210,807,638"
Vinhomes Smart City,SA2,Sakura,SA22812,28,1PN + 1,South West - Tây Nam,42.9,46.5,"47,788,260","2,050,116,365","2,292,728,475","47,788,260","143,508,146","44,443,082","30,030,000","70,000,000","16,400,931","1,790,177,289","41,729,074","259,939,076"
Vinhomes Smart City,SA2,Sakura,SA22816,28,1PN + 1,North East - Đông Bắc,42.8,46.3,"46,194,257","1,977,114,214","2,210,973,996","46,194,257","138,397,995","42,960,659","29,960,000","70,000,000","15,816,914","1,722,939,305","40,255,591","254,174,909"
Vinhomes Smart City,SA2,Sakura,SA22901,29,Studio,North East - Đông Bắc,27.9,30.6,"47,043,732","1,312,520,125","1,467,810,145","47,043,732","91,876,409","43,750,671","19,530,000","70,000,000","10,500,161","1,120,613,555","40,165,360","191,906,570"
Vinhomes Smart City,SA2,Sakura,SA22903,29,1PN,North East - Đông Bắc,34.3,37.5,"47,477,656","1,628,483,595","1,821,181,729","47,477,656","113,993,852","44,154,220","24,010,000","70,000,000","13,027,869","1,407,451,875","41,033,582","221,031,720"
Vinhomes Smart City,SA2,Sakura,SA22905,29,3PN,Đông Nam- Tây Nam,75.5,81.7,"48,953,028","3,695,953,636","4,133,481,126","48,953,028","258,716,755","45,526,316","52,850,000","120,000,000","29,567,629","3,234,819,252","42,845,288","461,134,384"
Vinhomes Smart City,SA2,Sakura,SA22910,29,3PN,Tây Bắc- Tây Nam,78.3,87.7,"50,165,978","3,927,996,074","4,393,146,625","50,165,978","274,959,725","46,654,359","54,810,000","120,000,000","31,423,969","3,446,802,380","44,020,465","481,193,694"
Vinhomes Smart City,SA2,Sakura,SA22911,29,Studio,South West - Tây Nam,31.6,34.8,"47,821,881","1,511,171,428","1,690,006,205","47,821,881","105,782,000","44,474,349","22,120,000","70,000,000","12,089,371","1,301,180,057","41,176,584","209,991,371"
Vinhomes Smart City,SA2,Sakura,SA22916,29,1PN + 1,North East - Đông Bắc,42.8,46.3,"45,868,951","1,963,191,089","2,195,380,095","45,868,951","137,423,376","42,658,124","29,960,000","70,000,000","15,705,529","1,710,102,184","39,955,659","253,088,905"
Vinhomes Smart City,SA2,Sakura,SA22918,29,2PN,North East - Đông Bắc,54.6,59.1,"44,399,183","2,424,195,377","2,710,769,190","44,399,183","169,693,676","41,291,240","38,220,000","120,000,000","19,393,563","2,076,888,138","38,038,244","347,307,239"
Vinhomes Smart City,SA2,Sakura,SA23001,30,Studio,North East - Đông Bắc,27.9,30.6,"46,796,368","1,305,618,669","1,460,080,515","46,796,368","91,393,307","43,520,622","19,530,000","70,000,000","10,444,949","1,114,250,413","39,937,291","191,368,256"
Vinhomes Smart City,SA2,Sakura,SA23004,30,3PN,Đông Bắc- Đông Nam,82.4,90.6,"48,002,371","3,955,395,330","4,423,508,672","48,002,371","276,877,673","44,642,205","57,680,000","120,000,000","31,643,163","3,469,194,494","42,101,875","486,200,836"
Vinhomes Smart City,SA2,Sakura,SA23005,30,3PN,Đông Nam- Tây Nam,75.5,81.7,"48,708,968","3,677,527,065","4,112,843,367","48,708,968","257,426,895","45,299,340","52,850,000","120,000,000","29,420,217","3,217,829,954","42,620,264","459,697,111"
Vinhomes Smart City,SA2,Sakura,SA23008,30,Studio,South West - Tây Nam,30.5,34,"46,877,048","1,429,749,950","1,598,901,376","46,877,048","100,082,497","43,595,654","21,350,000","70,000,000","11,438,000","1,226,879,454","40,225,556","202,870,496"
Vinhomes Smart City,SA2,Sakura,SA23010,30,3PN,Tây Bắc- Tây Nam,78.3,87.7,"49,913,366","3,908,216,519","4,370,993,523","49,913,366","273,575,156","46,419,430","54,810,000","120,000,000","31,265,732","3,428,565,631","43,787,556","479,650,888"
Vinhomes Smart City,SA2,Sakura,SA23011,30,Studio,South West - Tây Nam,31.6,34.8,"47,573,507","1,503,322,833","1,681,215,779","47,573,507","105,232,598","44,243,362","22,120,000","70,000,000","12,026,583","1,293,943,652","40,947,584","209,379,181"
Vinhomes Smart City,SA2,Sakura,SA23012,30,1PN + 1,South West - Tây Nam,42.9,46.5,"47,217,844","2,025,645,508","2,265,321,115","47,217,844","141,795,186","43,912,595","30,030,000","70,000,000","16,205,164","1,767,615,158","41,203,151","258,030,350"
Vinhomes Smart City,SA2,Sakura,SA23014,30,3PN,Tây Bắc- Tây Nam,79.2,87.7,"48,330,296","3,827,759,410","4,280,810,193","48,330,296","267,943,159","44,947,175","55,440,000","120,000,000","30,622,075","3,353,754,176","42,345,381","474,005,234"
Vinhomes Smart City,SA2,Sakura,SA23019,30,2PN + 1 (2 Toilet),Đông Bắc- Đông Nam,63.3,69.2,"48,707,410","3,083,179,080","3,448,141,050","48,707,410","215,822,536","45,297,892","44,310,000","120,000,000","24,665,433","2,678,381,112","42,312,498","404,797,968"
Vinhomes Smart City,SA2,Sakura,SA23101,31,Studio,North East - Đông Bắc,27.9,30.6,"46,507,779","1,297,567,046","1,451,062,697","46,507,779","90,829,693","43,252,235","19,530,000","70,000,000","10,380,536","1,106,826,816","39,671,212","190,740,230"
Vinhomes Smart City,SA2,Sakura,SA23103,31,1PN,North East - Đông Bắc,34.3,37.5,"46,943,404","1,610,158,774","1,800,657,930","46,943,404","112,711,114","43,657,366","24,010,000","70,000,000","12,881,270","1,390,556,390","40,541,003","219,602,384"
Vinhomes Smart City,SA2,Sakura,SA23104,31,3PN,Đông Bắc- Đông Nam,82.4,90.6,"47,506,401","3,914,527,482","4,377,736,683","47,506,401","274,016,924","44,180,953","57,680,000","120,000,000","31,316,220","3,431,514,338","41,644,591","483,013,144"
Vinhomes Smart City,SA2,Sakura,SA23105,31,3PN,Đông Nam- Tây Nam,75.5,81.7,"48,220,852","3,640,674,340","4,071,568,315","48,220,852","254,847,204","44,845,393","52,850,000","120,000,000","29,125,395","3,183,851,741","42,170,222","456,822,599"
Vinhomes Smart City,SA2,Sakura,SA23110,31,3PN,Tây Bắc- Tây Nam,78.3,87.7,"49,197,623","3,852,173,848","4,308,225,731","49,197,623","269,652,169","45,753,789","54,810,000","120,000,000","30,817,391","3,376,894,288","43,127,641","475,279,560"
Vinhomes Smart City,SA2,Sakura,SA23111,31,Studio,South West - Tây Nam,31.6,34.8,"46,869,771","1,481,084,749","1,656,309,124","46,869,771","103,675,932","43,588,887","22,120,000","70,000,000","11,848,678","1,273,440,139","40,298,739","207,644,610"
Vinhomes Smart City,SA2,Sakura,SA23112,31,1PN + 1,South West - Tây Nam,42.9,46.5,"46,525,199","1,995,931,040","2,232,040,910","46,525,199","139,715,173","43,268,435","30,030,000","70,000,000","15,967,448","1,740,218,419","40,564,532","255,712,621"
Vinhomes Smart City,SA2,Sakura,SA23116,31,1PN + 1,North East - Đông Bắc,42.8,46.3,"45,340,321","1,940,565,725","2,170,039,688","45,340,321","135,839,601","42,166,498","29,960,000","70,000,000","15,524,526","1,689,241,598","39,468,262","251,324,127"
Vinhomes Smart City,SA2,Sakura,SA23118,31,2PN,North East - Đông Bắc,54.6,59.1,"43,870,246","2,395,315,412","2,678,423,629","43,870,246","167,672,079","40,799,328","38,220,000","120,000,000","19,162,523","2,050,260,810","37,550,564","345,054,602"
Vinhomes Smart City,SA2,Sakura,SA23119,31,2PN + 1 (2 Toilet),Đông Bắc- Đông Nam,63.3,69.2,"48,419,759","3,064,970,758","3,427,747,730","48,419,759","214,547,953","45,030,376","44,310,000","120,000,000","24,519,766","2,661,593,039","42,047,283","403,377,719"
Vinhomes Smart City,SA2,Sakura,SA23201,32,Studio,North East - Đông Bắc,27.9,30.6,"46,177,963","1,288,365,161","1,440,756,585","46,177,963","90,185,561","42,945,505","19,530,000","70,000,000","10,306,921","1,098,342,678","39,367,121","190,022,483"
Vinhomes Smart City,SA2,Sakura,SA23203,32,1PN,North East - Đông Bắc,34.3,37.5,"46,614,632","1,598,881,862","1,788,027,788","46,614,632","111,921,730","43,351,607","24,010,000","70,000,000","12,791,055","1,380,159,077","40,237,874","218,722,785"
Vinhomes Smart City,SA2,Sakura,SA23205,32,3PN,Đông Nam- Tây Nam,75.5,81.7,"47,895,437","3,616,105,511","4,044,051,226","47,895,437","253,127,386","44,542,757","52,850,000","120,000,000","28,928,844","3,161,199,281","41,870,189","454,906,230"
Vinhomes Smart City,SA2,Sakura,SA23208,32,Studio,South West - Tây Nam,30.5,34,"45,829,469","1,397,798,809","1,563,116,098","45,829,469","97,845,917","42,621,406","21,350,000","70,000,000","11,182,390","1,197,420,502","39,259,689","200,378,307"
Vinhomes Smart City,SA2,Sakura,SA23210,32,3PN,Tây Bắc- Tây Nam,78.3,87.7,"48,860,808","3,825,801,269","4,278,688,443","48,860,808","267,806,089","45,440,551","54,810,000","120,000,000","30,606,410","3,352,578,770","42,817,098","473,222,499"
Vinhomes Smart City,SA2,Sakura,SA23211,32,Studio,South West - Tây Nam,31.6,34.8,"46,538,605","1,470,619,925","1,644,588,522","46,538,605","102,943,395","43,280,903","22,120,000","70,000,000","11,764,959","1,263,791,571","39,993,404","206,828,354"
Vinhomes Smart City,SA2,Sakura,SA23212,32,1PN + 1,South West - Tây Nam,42.9,46.5,"46,199,250","1,981,947,807","2,216,379,690","46,199,250","138,736,346","42,965,302","30,030,000","70,000,000","15,855,582","1,727,325,878","40,264,006","254,621,929"
Vinhomes Smart City,SA2,Sakura,SA23216,32,1PN + 1,North East - Đông Bắc,42.8,46.3,"45,015,015","1,926,642,627","2,154,445,818","45,015,015","134,864,984","41,863,964","29,960,000","70,000,000","15,413,141","1,676,404,502","39,168,329","250,238,125"
Vinhomes Smart City,SA2,Sakura,SA23301,33,Studio,North East - Đông Bắc,27.9,30.6,"45,806,914","1,278,012,887","1,429,162,039","45,806,914","89,460,902","42,600,430","19,530,000","70,000,000","10,224,103","1,088,797,882","39,025,014","189,215,005"
Vinhomes Smart City,SA2,Sakura,SA23304,33,3PN,Đông Bắc- Đông Nam,82.4,90.6,"46,803,791","3,856,632,376","4,312,894,163","46,803,791","269,964,266","43,527,526","57,680,000","120,000,000","30,853,059","3,378,135,051","40,996,785","478,497,325"
Vinhomes Smart City,SA2,Sakura,SA23305,33,3PN,Đông Nam- Tây Nam,75.5,81.7,"47,529,351","3,588,466,010","4,013,094,985","47,529,351","251,192,621","44,202,297","52,850,000","120,000,000","28,707,728","3,135,715,661","41,532,658","452,750,349"
Vinhomes Smart City,SA2,Sakura,SA23308,33,Studio,South West - Tây Nam,30.5,34,"45,452,349","1,386,296,639","1,550,233,668","45,452,349","97,040,765","42,270,684","21,350,000","70,000,000","11,090,373","1,186,815,501","38,911,984","199,481,138"
Vinhomes Smart City,SA2,Sakura,SA23311,33,Studio,South West - Tây Nam,31.6,34.8,"46,166,039","1,458,846,832","1,631,402,657","46,166,039","102,119,278","42,934,416","22,120,000","70,000,000","11,670,775","1,252,936,779","39,649,898","205,910,053"
Vinhomes Smart City,SA2,Sakura,SA23312,33,1PN + 1,South West - Tây Nam,42.9,46.5,"45,832,550","1,966,216,382","2,198,760,494","45,832,550","137,635,147","42,624,271","30,030,000","70,000,000","15,729,731","1,712,821,504","39,925,909","253,394,878"
Vinhomes Smart City,SA2,Sakura,SA23314,33,3PN,Tây Bắc- Tây Nam,79.2,87.7,"46,915,086","3,715,674,818","4,155,275,450","46,915,086","260,097,237","43,631,030","55,440,000","120,000,000","29,725,399","3,250,412,182","41,040,558","465,262,636"
Vinhomes Smart City,SA2,Sakura,SA23316,33,1PN + 1,North East - Đông Bắc,42.8,46.3,"44,649,046","1,910,979,159","2,136,902,733","44,649,046","133,768,541","41,523,613","29,960,000","70,000,000","15,287,833","1,661,962,785","38,830,906","249,016,374"
Vinhomes Smart City,SA2,Sakura,SA23401,34,Studio,North East - Đông Bắc,27.9,30.6,"45,435,872","1,267,660,841","1,417,567,748","45,435,872","88,736,259","42,255,361","19,530,000","70,000,000","10,141,287","1,079,253,295","38,682,914","188,407,546"
Vinhomes Smart City,SA2,Sakura,SA23403,34,1PN,North East - Đông Bắc,34.3,37.5,"45,874,897","1,573,508,976","1,759,610,155","45,874,897","110,145,628","42,663,654","24,010,000","70,000,000","12,588,072","1,356,765,276","39,555,839","216,743,700"
Vinhomes Smart City,SA2,Sakura,SA23404,34,3PN,Đông Bắc- Đông Nam,82.4,90.6,"46,431,819","3,825,981,898","4,278,565,628","46,431,819","267,818,733","43,181,592","57,680,000","120,000,000","30,607,855","3,349,875,310","40,653,827","476,106,588"
Vinhomes Smart City,SA2,Sakura,SA23408,34,Studio,South West - Tây Nam,30.5,34,"45,075,220","1,374,794,203","1,537,350,939","45,075,220","96,235,594","41,919,954","21,350,000","70,000,000","10,998,354","1,176,210,255","38,564,271","198,583,948"
Vinhomes Smart City,SA2,Sakura,SA23410,34,3PN,Tây Bắc- Tây Nam,78.3,87.7,"48,102,968","3,766,462,417","4,212,228,929","48,102,968","263,652,369","44,735,761","54,810,000","120,000,000","30,131,699","3,297,868,348","42,118,370","468,594,069"
Vinhomes Smart City,SA2,Sakura,SA23411,34,Studio,South West - Tây Nam,31.6,34.8,"45,793,477","1,447,073,867","1,618,216,936","45,793,477","101,295,171","42,587,933","22,120,000","70,000,000","11,576,591","1,242,082,105","39,306,396","204,991,762"
Vinhomes Smart City,SA2,Sakura,SA23412,34,1PN + 1,South West - Tây Nam,42.9,46.5,"45,465,857","1,950,485,246","2,181,141,621","45,465,857","136,533,967","42,283,247","30,030,000","70,000,000","15,603,882","1,698,317,397","39,587,818","252,167,849"
Vinhomes Smart City,SA2,Sakura,SA23414,34,3PN,Tây Bắc- Tây Nam,79.2,87.7,"46,540,472","3,686,005,369","4,122,045,667","46,540,472","258,020,376","43,282,639","55,440,000","120,000,000","29,488,043","3,223,056,950","40,695,164","462,948,419"
Vinhomes Smart City,SA2,Sakura,SA23416,34,1PN + 1,North East - Đông Bắc,42.8,46.3,"44,283,075","1,895,315,603","2,119,359,551","44,283,075","132,672,092","41,183,260","29,960,000","70,000,000","15,162,525","1,647,520,986","38,493,481","247,794,617"
Vinhomes Smart City,SA2,Sakura,SA23503,35,1PN,North East - Đông Bắc,34.3,37.5,"45,463,928","1,559,412,746","1,743,822,378","45,463,928","109,158,892","42,281,453","24,010,000","70,000,000","12,475,302","1,343,768,552","39,176,926","215,644,194"
Vinhomes Smart City,SA2,Sakura,SA23505,35,3PN,Đông Nam- Tây Nam,75.5,81.7,"46,756,506","3,530,116,184","3,947,743,180","46,756,506","247,108,133","43,483,550","52,850,000","120,000,000","28,240,929","3,081,917,122","40,820,094","448,199,062"
Vinhomes Smart City,SA2,Sakura,SA23508,35,Studio,South West - Tây Nam,30.5,34,"44,656,188","1,362,013,721","1,523,036,800","44,656,188","95,340,960","41,530,254","21,350,000","70,000,000","10,896,110","1,164,426,651","38,177,923","197,587,070"
Vinhomes Smart City,SA2,Sakura,SA23510,35,3PN,Tây Bắc- Tây Nam,78.3,87.7,"47,681,947","3,733,496,422","4,175,307,014","47,681,947","261,344,750","44,344,210","54,810,000","120,000,000","29,867,971","3,267,473,701","41,730,188","466,022,721"
Vinhomes Smart City,SA2,Sakura,SA23511,35,Studio,South West - Tây Nam,31.6,34.8,"45,379,512","1,433,992,567","1,603,565,880","45,379,512","100,379,480","42,202,946","22,120,000","70,000,000","11,471,941","1,230,021,147","38,924,720","203,971,420"
Vinhomes Smart City,SA2,Sakura,SA23512,35,1PN + 1,South West - Tây Nam,42.9,46.5,"45,058,419","1,933,006,177","2,161,565,064","45,058,419","135,310,432","41,904,330","30,030,000","70,000,000","15,464,049","1,682,201,695","39,212,161","250,804,482"
Vinhomes Smart City,SA2,Sakura,SA23603,36,1PN,North East - Đông Bắc,34.3,37.5,"45,052,965","1,545,316,688","1,728,034,794","45,052,965","108,172,168","41,899,257","24,010,000","70,000,000","12,362,534","1,330,771,986","38,798,017","214,544,702"
Vinhomes Smart City,SA2,Sakura,SA23605,36,3PN,Đông Nam- Tây Nam,75.5,81.7,"46,349,741","3,499,405,473","3,913,347,184","46,349,741","244,958,383","43,105,259","52,850,000","120,000,000","27,995,244","3,053,601,846","40,445,058","445,803,627"
Vinhomes Smart City,SA2,Sakura,SA23610,36,3PN,Tây Bắc- Tây Nam,78.3,87.7,"47,260,923","3,700,530,297","4,138,384,954","47,260,923","259,037,121","43,952,659","54,810,000","120,000,000","29,604,242","3,237,078,934","41,342,004","463,451,363"
Vinhomes Smart City,SA2,Sakura,SA23611,36,Studio,South West - Tây Nam,31.6,34.8,"44,965,553","1,420,911,472","1,588,915,054","44,965,553","99,463,803","41,817,964","22,120,000","70,000,000","11,367,292","1,217,960,377","38,543,050","202,951,095"
Vinhomes Smart City,SA2,Sakura,SA23705,37,3PN,Đông Nam- Tây Nam,75.5,81.7,"45,942,975","3,468,694,632","3,878,951,041","45,942,975","242,808,624","42,726,967","52,850,000","120,000,000","27,749,557","3,025,286,451","40,070,019","443,408,181"
Vinhomes Smart City,SA2,Sakura,SA23710,37,3PN,Tây Bắc- Tây Nam,78.3,87.7,"46,839,900","3,667,564,132","4,101,462,849","46,839,900","256,729,489","43,561,107","54,810,000","120,000,000","29,340,513","3,206,684,130","40,953,820","460,880,002"
Vinhomes Smart City,SA2,Sakura,SA23712,37,1PN + 1,South West - Tây Nam,42.9,46.5,"44,243,541","1,898,047,907","2,122,411,802","44,243,541","132,863,353","41,146,493","30,030,000","70,000,000","15,184,383","1,649,970,170","38,460,843","248,077,737"
Vinhomes Smart City,SA2,Sakura,SA23718,37,2PN,North East - Đông Bắc,54.6,59.1,"41,591,741","2,270,909,035","2,539,088,487","41,591,741","158,963,632","38,680,319","38,220,000","120,000,000","18,167,272","1,935,558,130","35,449,783","335,350,905"
Vinhomes Smart City,SA2,Sakura,SA23719,37,2PN + 1 (2 Toilet),Đông Bắc- Đông Nam,63.3,69.2,"46,118,550","2,919,304,199","3,264,601,184","46,118,550","204,351,294","42,890,251","44,310,000","120,000,000","23,354,434","2,527,288,471","39,925,568","392,015,728"
Vinhomes Smart City,SA2,Sakura,SA23805,38,3PN,Đông Nam- Tây Nam,75.5,81.7,"45,536,212","3,437,983,994","3,844,555,127","45,536,212","240,658,880","42,348,677","52,850,000","120,000,000","27,503,872","2,996,971,242","39,694,983","441,012,752"
Vinhomes Smart City,SA2,Sakura,SA23808,38,Studio,South West - Tây Nam,30.5,34,"43,399,095","1,323,672,402","1,480,094,522","43,399,095","92,657,068","40,361,158","21,350,000","70,000,000","10,589,379","1,129,075,955","37,018,884","194,596,447"
Vinhomes Smart City,SA2,Sakura,SA23810,38,3PN,Tây Bắc- Tây Nam,78.3,87.7,"46,418,879","3,634,598,216","4,064,541,023","46,418,879","254,421,875","43,169,557","54,810,000","120,000,000","29,076,786","3,176,289,555","40,565,639","458,308,661"
Vinhomes Smart City,SA2,Sakura,SA23811,38,Studio,South West - Tây Nam,31.6,34.8,"44,137,634","1,394,749,226","1,559,613,338","44,137,634","97,632,446","41,047,999","22,120,000","70,000,000","11,157,994","1,193,838,786","37,779,708","200,910,440"
Vinhomes Smart City,SA2,Sakura,SA23812,38,1PN + 1,South West - Tây Nam,42.9,46.5,"43,836,105","1,880,568,885","2,102,835,297","43,836,105","131,639,822","40,767,577","30,030,000","70,000,000","15,044,551","1,633,854,512","38,085,187","246,714,373"
Vinhomes Smart City,SA2,Sakura,SA23814,38,3PN,Tây Bắc- Tây Nam,79.2,87.7,"44,875,522","3,554,141,346","3,974,357,961","44,875,522","248,789,894","41,734,236","55,440,000","120,000,000","28,433,131","3,101,478,321","39,160,080","452,663,025"
Vinhomes Smart City,SA2,Sakura,SA23817,38,2PN,North East - Đông Bắc,54.6,59.1,"41,306,927","2,255,358,187","2,521,671,537","41,306,927","157,875,073","38,415,442","38,220,000","120,000,000","18,042,865","1,921,220,248","35,187,184","334,137,939"
Vinhomes Smart City,SA2,Sakura,SA23818,38,2PN,North East - Đông Bắc,54.6,59.1,"41,184,866","2,248,693,663","2,514,207,270","41,184,866","157,408,556","38,301,925","38,220,000","120,000,000","17,989,549","1,915,075,557","35,074,644","333,618,106"